,id,descripcion,titulo,solucion,tipo_incidencia,descripcion_interna,etiqueta
0,165636,al intentar facturar un albarán no aparece he revisado y si tiene el check de facturable y al cliente no le veo ningún problema,no puedo facturar un albarán,tras refrescar los datos varias veces en el a3erp la aplicación no mostraba la información del albarán de venta muestra correctamente su situación y se factura sin errores por parte de la mismaposible causaproblema no muestra el ordenador los registrados en la base de datos al no tener errores de aviso por parte del programa no podemos catalogarlo como error de la aplicación sino de carga de datos en la visualización,consulta del cliente,horario de 800 1400 atención telefónicaal intentar facturar un albarán no aparece he revisado y si tiene el check de facturable y al cliente no le veo ningún problemasolucióntras refrescar los datos varias veces en el a3erp la aplicación no mostraba la información del albarán de venta muestra correctamente su situación y se factura sin errores por parte de la mismaposible causaproblema no muestra el ordenador los registrados en la base de datos al no tener errores de aviso por parte del programa no podemos catalogarlo como error de la aplicación sino de carga de datos en la visualización,gestión
1,165630,creado serie nueva no deja hacer albaranes,serie nueva,nueva serie para a3erp con financiación se aplica correctamente en el programa,consulta del cliente,creado serie nueva no deja hacer albaranessoluciónnueva serie para a3erp con financiación se aplica correctamente en el programa,gestión
2,165629,credenciales para entrar al programa work resources,credenciales para entrar al programa,poner credenciales de usuario yolanda,consulta del cliente,horario hasta las 1600credenciales para entrar al programaproblemaal intentar entrar en a3erp pide credenciales de usuario y contraseñasoluciónponemos usuario yolandasdicloudesy contraseña de syspass y podemos entrar,sistemas
3,165624,he generado un anticipo de pago de un presupuesto por parte de un cliente se ha compensado la factura con la entrega a cuenta pero le tengo que devolver dinero ya que ha ingresado más importe del facturado ya me diréis que operativa hay en la cartera de clientes,anticipo de cliente,se puede realizar desde el anticipo del cliente la devolución parcial o resto del anticipo pendientes con repercusiones contablesse indica en negativo en cartera de clientes la factura para devolver,consulta del cliente,he generado un anticipo de pago de un presupuesto por parte de un cliente se ha compensado la factura con la entrega a cuenta pero le tengo que devolver dinero ya que ha ingresado más importe del facturado ya me diréis que operativa hay en la cartera de clientesproblemadudas en cartera de cliente con respecta a devoluciones de anticipos consumidos parcialmente y devoluciones de facturas enterassoluciónse puede realizar desde el anticipo del cliente la devolución parcial o resto del anticipo pendientes con repercusiones contablesse indica en negativo en cartera de clientes la factura para devolver,cartera
4,165619,buenas tardes al pedir el listado de stock a 1 dia no imprime todos los campos que se pidensólo aparecen el código y descripción de artículo unidades de stock precio y total no aparecen los lotes por ejemplo aunque pidas que los muestre pueden ponerse en contacto con viki o domingo gracias por su atención saludos viki,stock a 1 dia,es un error del fabricante,bug fabricante,horario 900 1300 y 1500 1900buenas tardes al pedir el listado de stock a 1 dia no imprime todos los campos que se pidensólo aparecen el código y descripción de artículo unidades de stock precio y total no aparecen los lotes por ejemplo aunque pidas que los muestre pueden ponerse en contacto con viki o domingo gracias por su atención saludos viki05122023maria laura incidenciabug del fabricantevicky no entra hasta las 9 en la oficina y domingo llegará más tardesoluciónenvío correo con la respuesta,otro
5,165614,desde la actualizacion de ayer no deja actualizar liquidaciones,muy urgente,cierre de incidencia por duplicada se está trabajando el problema en otra tarea,duplicada,desde la actualizacion de ayer no deja actualizar liquidaciones,procesos externos
6,165613,buenas tardesadjuntamos tabla con facturas pendientes de enviar que ya estaban enviadas a hacienda y aceptadas sin errores también ejemploprueba de que hicimos los envíos correctamente quedamos a la espera de sus comentariosgracias,error módulos mantenimiento sii,se muestran como modificadas las facturas con iva ord 0,consulta del cliente,horario 830 1330 y 1530 1830 buenas tardesadjuntamos tabla con facturas pendientes de enviar que ya estaban enviadas a hacienda y aceptadas sin errores también ejemploprueba de que hicimos los envíos correctamente quedamos a la espera de sus comentariosgracias05122023 miguelse comprueban varias de esas facturas y son facturas que tienen líneas con tipo de iva 0se explica que tienen que enviar esas facturas como modificación para que figuren en el sii bien pero dicen que no las quieren envíar05122023 estherse habla con el cliente y esta super enfadado porque no les hemos actualizado antes que si tiene problemas con hacienda por este motivo nos lo va a reclamar,otro
7,165602,no puedo cambiar el nombre de usuario en el soporte de rosa martínez a félix pérez,cambio usuario,se comenta con el usuario félix que tiene que llamar a centralita de sdi y crear usuario para plataforma,consulta del cliente,no puedo cambiar el nombre de usuario en el soporte de rosa martínez a félix pérez04122023mlaurafuera del horario de oficinasoluciónse comenta con el usuario félix que tiene que llamar a centralita de sdi y crear usuario para plataforma,gestión
8,165595,necesito crear diferentes tipos de clientes y después a un articulo crerale diferentes descuentos según el tipo de cliente,crear tipos de clientes,le explico qué es una familiale explico cómo indicar los descuentos a los artículos según el cliente,consulta del cliente,necesito crear diferentes tipos de clientes y después a un articulo crerale diferentes descuentos según el tipo de cliente04122023no contesta llamar al movil05122023mlaura incidenciaimg,gestión
9,165591,me ha quedado bloqueado el ordenador adjunto foto,me ha quedado bloqueado el ordenador adjunto foto,se desbloquea al usuario desde el servidor cloud,consulta del cliente,horario de 800 a 1600 me ha quedado bloqueado el ordenador adjunto fotosoluciónse desbloquea al usuario desde el servidor cloud,sistemas
10,165583,necesito por favor que nos llamen urgente no podemos trabajar desde ningún puesto nos habéis hecho a medio día una actualización y ahora no podemos acceder al erp desde ningún ordenadorgraciascristina,no nos funciona el programa el ningún ordenador,hacer comprobación de estructuras en garperfleshreinstalar la versión anterior de envasedllvolver a copiar procesos externoshacer un recálculo de stocks,bug nivel 2 desarrollo,necesito por favor que nos llamen urgente no podemos trabajar desde ningún puesto nos habéis hecho a medio día una actualización y ahora no podemos acceder al erp desde ningún ordenadorgraciascristinaproblemadespués de actualización de procesos externos no arranca la base de datosimg,sistemas
11,165576,creo no hace bien la comparativa pueden ayudarme gracias,estadísticas,el artículo 6001 ha estado durante 3 años y medio sin marcarse la opción de afecta a stock y sin movimientos desde 01012020 hasta julio de 2023 la estadística coge información de las facturas y de si participa el artículo y el movimiento de la trazabilidad del artículo,consulta del cliente,creo no hace bien la comparativa pueden ayudarme graciashorario 9 a 13 y 1500 a 1900problemano marca los movimientos del 2022 cuando se ha realizado la venta del productoimg,gestión
12,165570,instalar certificados digitales para dos empresa ticket bai,instalar certificados digitales ticket bai,se instalan los certificados para el ticket bai en el usuario kcom del clouden las dos empresas que necesitan ticket bai es necesario instalar ese módulo abrirá nuevo ticket para ello,consulta cliente n2,instalar certificados digitales para dos empresa ticket bai04122023mlaura incidenciadice que tiene mal instalado el certificado en el ordenador quiere que yo se los instale le he dicho que yo no se hacerlo yo sólo se vincularlos a a3erp quedo en llamar a la tarde para que mientras los instalenvuelvo a llamar el programa solo reconoce un certificadome dice que tiene 4 en el navegador pero que al instalarlo le ha pedido una contraseña que no se sabe por lo que no la ha puestoademás me comenta que se le cerro el otro ticket sin ser solucionado el problema ese ticket lo llevaba yolanda cosa que me extraña que hiciera04122023 miguelsoluciónse instalan los certificados para el ticket bai en el usuario kcom del clouden las dos empresas que necesitan ticket bai es necesario instalar ese módulo abrirá nuevo ticket para ello,otro
13,165568,problema con reservaha metido unas lineas en una reserva y no le cuadramensaje que le aparece para ver las ventas del dia comentarlo,problema reserva,para quitar entrada de valores se ha de quitar el filtro de cabecera del documento de facturas de venta,consulta del cliente,tienda logroñoproblema con reservaha metido unas lineas en una reserva y no le cuadramensaje que le aparece para ver las ventas del dia comentarlosoluciónpara quitar entrada de valores se ha de quitar el filtro de cabecera del documento de facturas de venta,gestión
14,165555,descuadre de un céntimo en facturas de compra que no pueden cuadrar preguntar por itziar,descuadre facturas de compra,la factura de compra para que salga el mismo importe total se modifica el detalle impuesto para que salga la misma cuota de iva que la factura del proveedor modificando ese céntimo logramos que la factura sea igual de correcta a pesar que la base de imponible sea diferente es un tema de redondeos que ha de dejar con la factura las mismas cuotas iva deducibles,consulta del cliente,descuadre de un céntimo en facturas de compra que no pueden cuadrar preguntar por itziarsoluciónla factura de compra para que salga el mismo importe total se modifica el detalle impuesto para que salga la misma cuota de iva que la factura del proveedor modificando ese céntimo logramos que la factura sea igual de correcta a pesar que la base de imponible sea diferente es un tema de redondeos que ha de dejar con la factura las mismas cuotas iva deducibles,gestión
15,165548,a partir del próximo año entramos en la facturación electrónica y necesito saber en qué plataformas podemos trabajargracias,facturacion electronica,informarse en qué consiste mandar las facturas electrónicamenteahora pueden enviarla por emailexplico en qué consiste el sistema facesi cumplen los objetivos pueden enviar las facturas por sii pero es algo que ya cuentan con ello,consulta del cliente,a partir del próximo año entramos en la facturación electrónica y necesito saber en qué plataformas podemos trabajargracias04122023mlaura incidenciaalguien les ha dicho que a partir de septiembre hay que subir todas las facturas a facesolución que se cercioren si esa información es verídica y hasta hoy las facturas que se suben a face son las de los organismos oficinalessi cumplen los objetivos pueden enviar las facturas por sii pero es algo que ya cuentan con ello,gestión
16,165546,buenos días necesitamos un nuevo usuario de a3preguntar por mercedesgracias,nuevo usuario,se crea usuario y se configura en el a3erp para trabajar,consulta del cliente,buenos días necesitamos un nuevo usuario de a3preguntar por mercedesgraciassoluciónse crea usuario en el a3erp para trabajar,gestión
17,165545,necesitan ayuda para emitir una factura electrónica,factura electrónica,vinculo en el programa el certificado en a3erp y desvinculo el anteriorprocedemos a subir a face la factura,consulta del cliente,horario 830 1330 y 1530 1830 necesitan ayuda para emitir una factura electrónica04122023mlaurale instalo en a3erp el certificado y le desinstalo el que teníansubimos la factura a face,gestión
18,165541,buenos días les quiero hacer una consulta respecto deponer un importe exacto en una factura saludos manuel,hacer factura con un importe total exacto,hay que calcular la base del importe sin el ivaluego hay que hacer cuadrar la factura modificando los céntimos,consulta del cliente,buenos días les quiero hacer una consulta respecto deponer un importe exacto en una factura saludos manuel04122023mlaura incidenciatienen que hacer una factura con un importe exacto de 254380 iva del 10con una calculadora saco que el 10 de esa cantidad son 231254en parametrizaciones veo que trabajan con 5 decimales no toco nadale modifico a mano en la factura para que le cuadre porque sino231254 23125 son 254379así que el iva se lo cambio a 23126,gestión
19,165539,quiero cambiar los precios como todos los meses y me sale de otra forma,cambio precio tarifa pieles,tenía el filtro para artículos lo quitamos y ya lo muestra correctamente,consulta del cliente,quiero cambiar los precios como todos los meses y me sale de otra formasolucióntenía el filtro para artículos lo quitamos y ya lo muestra correctamenteimg,gestión
20,165537,buenos días me podían indicar como puedo sacar un listado de los clientes que gastaron más de una cantidad al añosaludos patricia,listado de clientes que superan cierta cantidad de facturacion,desde cartera listado efectos de clientes sacar el listado en excel y ya hay modificarlo como quierantambién tendrían algún cubo disponible pero patricia no tiene permisos para poder andar con ellos,consulta del cliente,buenos días me podían indicar como puedo sacar un listado de los clientes que gastaron más de una cantidad al añosaludos patricia04122023mlaura incidenciaquiere un listado de clientes cuya facturación haya superado una cantidad durante este año 2023le enseño desde cartera listado efectos de clientes sacar el listado en excel y ya hay modificarlo como quierantambién tendrían algún cubo disponible pero patricia no tiene permisos para poder andar con ellos,gestión
21,165529,en el filtro de listados no le salen unos articulos,articulossuministro de venta,tenia un filtro aplicado a los artículos,consulta del cliente,horario de atención telefónica de 900 a 1330 en el filtro de listados no le salen unos articulos 04122023mlauratenia aplicado un filtro,gestión
22,165526,consumidas las unidades de albaran al reiniciar se habia quedado bloqueado,unidades consumidasalbaran,se procesa movimientos para poder volver a generar los movimientos y poder trabajar correctamente,consulta del cliente,consumidas las unidades de albaran al reiniciar se habia quedado bloqueadoproblemano se ha guardado movimientos de albaranes de venta y se ha quedado en transacciones de stock en ediciónsoluciónse procesa movimientos para poder volver a generar los movimientos y poder trabajar correctamente,gestión
23,165519,licencia caducada,licencia caducada,se renuevan licencias temporales de a3erp,consulta del cliente,licencia caducadasoluciónse renuevan licencias temporales de a3erp,sistemas
24,165515,103846 no figura lote cuando lo tiene,no marca lote,me enseña el stock que les queda del artículo 103846procede a realizar el albarán y le marca el lote del stock que acabamos de ver,consulta del cliente,103846 no figura lote cuando lo tiene04122023mlaura incidenciame enseña el stock que les queda del artículo 103846procede a realizar el albarán y le marca el lote del stock que acabamos de verdice que hace 5 minutos no se lo marcaba estaba haciendo facturación quizás el programa andaba ocupando memoria con esto,gestión
25,165511,buenos días necesitaría poder tener sacar un informe de los centros de coste como si fuese un mayor donde encuentro esa información porfavor gracias b17903527 noelia gonzalez betancor tel 34 972 15 88 89 fax 34 972 15 88 90,consulta centros de coste,listados y balances analíticospara obtener listados de cualquier tipo también se solicita el centro de coste por lo que si desea un balance de situación o de sumas y saldos de un departamento determinado basta con indicar en los límites el centro de coste deseadopor ejemplo si desea realizar un balance de sumas y saldos la ventana donde se solicitan los límites es tal y como se muestra a continuación todos los listados tienen la opción de indicar el centro de coste por lo que se tiene fácilmente la posibilidad de obtener toda la información para cada uno de los departamentos definidosen esta ventana puede ver el ejemplo concreto del listado del libro diario en el que se le pide el centro de coste los documentos donde puede elegir el centro de coste son los siguienteslibro diariolibro mayorcuenta de pérdidas y ganancias analítica y por mesesbalances de situación normal y comprobación y sumas y saldossaldos mensuales,consulta del cliente,horario de 800 1300 y 1500 1800 buenos días necesitaría poder tener sacar un informe de los centros de coste como si fuese un mayor donde encuentro esa información porfavor gracias b17903527 noelia gonzalez betancor tel 34 972 15 88 89 fax 34 972 15 88,otro
26,165504,cuando paso un listado de articulos a excel no figuran la columna de lotes,listado articulos con lote,hasta la versión 140501 no tiene la posibilidad de sacar el excel con lotes desde listado de stock a un día si quiere sacar el excel con lotes deberá sacar un inventario y exportar a excel deberán también realizar un recálculo de stocks y precios medios,consulta del cliente,horario de 930 a 1330cuando paso un listado de articulos a excel no figuran la columna de lotessoluciónhasta la versión 140501 no tiene la posibilidad de sacar el excel con lotes desde listado de stock a un día si quiere sacar el excel con lotes deberá sacar un inventario y exportar a excel deberán también realizar un recálculo de stocks y precios medios,gestión
27,165498,solicita ayuda para el envío de una factura a face,envío factura face,como el código que tiene que indicar en la factura es muy largo sale el error tiene tres opcionesindicarlo en observacionesindicarlos en un word y subirlo como anexoindicarlo en el cuerpo de la facturaademás sería interesante no mover la ruta donde el programa deja las facturas mis documentos factura face y así poder encontrarlas luego a la mayor brevedad y poder subirlas rápidamente,consulta del cliente,horario verano 700 1500solicita ayuda para el envío de una factura a face04122023mlaura incidenciatienen dos códigos que superan los 25 dígitos para informar de la factura y subirla al facecuando va a crear el xml y mete los códigos le sale el error de que el código que inserta es superior a los 20 dígitos permitidosse los pongo en el apartado de observaciones de la factura pero su modelo de impresión personalizado no imprime las observaciones por lo que no nos sirve informarlos ahíle doy como segunda opción indicarlos en un word y adjuntarlo como anexo pero me dice que como anexo en la página de face no puede adjuntar un word con ambos códigosle doy como tercera opción indicarlo en el cuerpo de la factura como un artículo 0lo indicamos así y creamos el xml pero a la hora de buscar la carpeta donde se guardan los xml generados veo que no es la que indica el programa en sus documentos factura face no hay facturas creadas desde el 2022me dice que últimamente tiene problemas en buscar la factura que se la busque yo en el ordenadorla carpeta donde se la guarda está indicada en otro sitio se la busco y le digo que tiene que ser su informático quien vuelva a moverla a su lugar de origen para evitar problemasno le gusta la idea dice que yo que le ayudo en el programa tengo que decirla dnd estan se lo explico pero la recalco que debe ser donde estaban al principiosubimos la factura a face,gestión
28,165497,buenos dias tengo un albaran que no me deja facturarlo no se porque podeis ayudarme,factura,el albarán tenía asignado un representante que estaba bloqueadose desbloquea el representante y ya permite crear la factura,consulta del cliente,buenos dias tengo un albaran que no me deja facturarlo no se porque podeis ayudarme04122023 miguelsoluciónel albarán tenía asignado un representante que estaba bloqueadose desbloquea el representante y ya permite crear la factura,gestión
29,165495,buenos diasestoy intentado hacer albaranes y me salen los siguientes errores de los que adjunto captura de pantallaun saludo,no puedo hacer albaranes,el error se ha producido porque el sql estaba procesando la actualizaciónahora permite realizar documentos sin problema,consulta del cliente,buenos diasestoy intentado hacer albaranes y me salen los siguientes errores de los que adjunto captura de pantallaun saludo04122023 miguelsoluciónel error se ha producido porque el sql estaba procesando la actualizaciónahora permite realizar documentos sin problema,sistemas
30,165476,no se actualizo la licencia me faltan 16 dias me lo programasteis para hacer que cada lunes se actualizara per lleva una semana que no se actualizo,el programa no se actualizo,se actualiza el programa las licencias temporales de a3erp 30 días,consulta del cliente,horario de 700 1300 y 1500 1900no se actualizo la licencia me faltan 16 dias me lo programasteis para hacer que cada lunes se actualizara per lleva una semana que no se actualizono se ejecuta la tarea programada ya que el usuario no tiene permisos y no se sabe la contraseña de administrador,sistemas
31,165412,holahemos contabilizado una factura que por más que revisamos no vemos porque nos quita una parte del iva como no deducible el programa adjunto lo que hace al contabilizarel caso es que así se ha quedado transmitida asi y el iva es completamente deducible por favor podéis llamar el lunes urgentemente a alberto porque el resto de días no esta nadie para ver que ha sucedidosaludos,urgente error de contabilizacion traspaso a sii,en el pie de la factura en detalle de impuestos figuraba en la cuota deduc un importe incorrectose pone el importe correcto se comprueba que el asiento ya es correcto y se envía como modificación al sii,consulta del cliente,holahemos contabilizado una factura que por más que revisamos no vemos porque nos quita una parte del iva como no deducible el programa adjunto lo que hace al contabilizarel caso es que así se ha quedado transmitida asi y el iva es completamente deducible por favor podéis llamar el lunes urgentemente a alberto porque el resto de días no esta nadie para ver que ha sucedidosaludos04122023 miguelsoluciónen el pie de la factura en detalle de impuestos figuraba en la cuota deduc un importe incorrectose pone el importe correcto se comprueba que el asiento ya es correcto y se envía como modificación al sii,gestión
32,165410,buenassstenemos cada vez mas clientes que nos dicen que les giremos a una fecha en concreta pero no los días tal y tal de cada mes redondeando a formas de pago habituales de 60 dias 90 etc si no que el total de la mercancía enviada ahora se lo giremos a una fecha concreta tenemos varias formas de pago creadas así muy tipica para nostros a 1 de julio pero para lo unico que nos sirve es para recordarlo y luego factura a factura hacerlo a mano no hay forma de crear una forma de pago a una fecha concreta no vemos la forma intentar lo hemos intentado saludos,pregunta configuracion formas de pago en a3cloud,no se puede crear una forma de pago personalizada tal y como indican ya que esa funcionalidad no es personalizablepero sí que pueden crear un día de pago dentro de la ficha del cliente y así todas las facturas serán generadas para el vencimiento en el día indicadoejemplo si indica el día 1 todas las facturas de ese cliente serán giradas el 1 de cada mes independientemente del día en que fuese generado el vencimientose pueden generar hasta tres día diferentes de días de pago dentro de clientes facturacionadjunto ayuda de wke,consulta del cliente,buenassstenemos cada vez mas clientes que nos dicen que les giremos a una fecha en concreta pero no los días tal y tal de cada mes redondeando a formas de pago habituales de 60 dias 90 etc si no que el total de la mercancía enviada ahora se lo giremos a una fecha concreta tenemos varias formas de pago creadas así muy tipica para nostros a 1 de julio pero para lo unico que nos sirve es para recordarlo y luego factura a factura hacerlo a mano no hay forma de crear una forma de pago a una fecha concreta no vemos la forma intentar lo hemos intentado saludos 04122023mlauraquieren una forma de pago para que todas las facturas que generen su vencimiento sea el mismo díano se puede crear una forma de pago personalizada tal y como indicanpero sí que pueden crear un día de pago dentro de la ficha del cliente y así todas las facturas serán generadas para el vencimiento en el día indicadoadjunto ayuda de wke,gestión
33,165406,no puede entrar en a3,sin acceso a a3erp,hoy a entrado bien al programa,consulta del cliente,no puede entrar en a304122023mlaura incidenciael viernes no fue capaz de entrar al programa en una ocasión otras se le quedaba congelado estaban todos sus compañeros dentro del programahoy en principio ya va biensi le vuelve a pasar nos abrirá el ticket,gestión
34,165404,no genera bien el archivo para enviar al banco,problema con una remesa,generamos la remesa y se manda al bancoantes de remesar comprobar que todos los clientes tengan bien informados el banco,consulta del cliente,horario de 800 1400no genera bien el archivo para enviar al banco01122023mlaura incidenciahacemos una remesa se genera bien el xml pero luego al ir al banco nos da un error de fecha ilogicaimg,gestión
35,165387,hola necesito que me llameis porque no deja coger el lote de un producto y no sabemos q hacerun saludo,no puedo coger un lote,pasamos el visualizador de transacciones de stock y se puede hacer el albarán de ese producto,consulta del cliente,hola necesito que me llameis porque no deja coger el lote de un producto y no sabemos q hacerun saludo01122023mlaura incidenciallama javierimg,gestión
36,165385,nos sale un error al cargar el programa pone lo siguientedbnetlib connectionopen connect0 no existe el servidor sql server o se ha denegado el acceso al mismo,no podemos entrar al programa,al reiniciar el servidor se solucionó el problema,consulta del cliente,horario de lv 900 1300 y 1600 1900nos sale un error al cargar el programa pone lo siguientedbnetlib connectionopen connect0 no existe el servidor sql server o se ha denegado el acceso al mismohablo con josepimg,sistemas
37,165369,necesitan que demos acceso a su servidor a sus informáticos sistemas acceso interactivo persona de contacto elias teléfono 93 5906366 extensión 2,acceso al servidor,hablo con carlos él no ha creado ninguna tarea ni sabe nada al respectoquedamos en cerrar tarea y esperar a que el que necesite algo llame o cree tarea de forma más concisa,consulta del cliente,necesitan que demos acceso a su servidor a sus informáticos sistemas acceso interactivo persona de contacto elias teléfono 93 5906366 extensión 2soluciónhablo con carlos él no ha creado ninguna tarea ni sabe nada al respecto quedamos en cerrar tarea y esperar a que el que necesite algo llame o cree tarea de forma más concisanota desde sistemas me confirman que nosotros no tenemos acceso a su servidor,sistemas
38,165355,estoy facturando el mes de noviembre y no encuentro las facturas que ya he hecho e impreso no aparecen en la relacion de facturas y tampoco los albaranes que son de esas facturasurgente,problemas con la facturacion,solucionado por el cliente,consulta del cliente,estoy facturando el mes de noviembre y no encuentro las facturas que ya he hecho e impreso no aparecen en la relacion de facturas y tampoco los albaranes que son de esas facturasurgente01122023mlaurasolucionado por el cliente,gestión
39,165339,como aplicar un coste de transporte al precio de un articulo desde el albarán de compra tenemos un vehículo que recoge mercancia de proveedores y queremos inputar a los artículos que trasiega un precio de transporte que quede reflejado en el coste del producto,imputar coste transporte,en la pestaña costes imputados podemos añadir más coste por línea de producto según tengamos internamente fasto o por medio de otro documento se indicará en el coste adicional de la línea de la co,consulta del cliente,horario de 900 1330 y 1600 1930 como aplicar un coste de transporte al precio de un articulo desde el albarán de compra tenemos un vehículo que recoge mercancia de proveedores y queremos inputar a los artículos que trasiega un precio de transporte que quede reflejado en el coste del productosoluciónen la pestaña costes imputados podemos añadir más coste por línea de producto según tengamos internamente fasto o por medio de otro documento se indicará en el coste adicional de la línea de la compra,gestión
40,165335,buenos dias soy inma de seragro integral estoy intentado sacar unos listados de articulos pero estoy intentado filtrar y tocar la configuracion y no me deja ni a mi ni a mis compañeroste paso el error,error,los usuarios de marcos juan e inma1 dar errores de access violation en la configuración de vista grid de artículos para poder corregirlo y tras varias pruebas cambiando perfiles y agregando otrosse crean nuevos usuarios y perfiles asignados a los mismos para la gestión de a3erp,consulta del cliente,horario de 800 a 1700buenos dias soy inma de seragro integral estoy intentado sacar unos listados de articulos pero estoy intentado filtrar y tocar la configuracion y no me deja ni a mi ni a mis compañeroste paso el errorproblemasoluciónlos usuarios de marcos juan e inma1 dar errores de access violation en la configuración de vista grid de artículos para poder corregirlo y tras varias pruebas cambiando perfiles y agregando otrosse crean nuevos usuarios y perfiles asignados a los mismos para la gestión de a3erp,gestión
41,165331,buenos díascuando puedan se ponen en contacto conmigotengo un problema en el pago de una factura a proveedores que me ha duplicado el programagraciassaludosles informamos que nuestra empresa permanecerá cerrada del 7 al 10 de diciembre por festividad nacional noelia abad,pago factura,se desliga el apunte contable que ha quedado reflejado en el mayor y no tiene cartera asignada para poder borrarlo y generar otra vez la factura y su correspondiente cartera y contabilidad,consulta del cliente,buenos díascuando puedan se ponen en contacto conmigotengo un problema en el pago de una factura a proveedores que me ha duplicado el programagraciassaludosles informamos que nuestra empresa permanecerá cerrada del 7 al 10 de diciembre por festividad nacional noelia abad01122023mlaurahe intentado llamar varias veces y se cancela la llamada despues de su correo he vuelto a intentarlo y sigue igualsoluciónse desliga el apunte contable que ha quedado reflejado en el mayor y no tiene cartera asignada para poder borrarlo y generar otra vez la factura y su correspondiente cartera y contabilidad,gestión
42,165326,una factura con una dirección que he modificado sigue saliendo igual,dirección modificada en factura,coge del campo dirección 2 la dirección del cliente para la factura de venta,consulta del cliente,una factura con una dirección que he modificado sigue saliendo igual01122023mlaura no esta en la oficina llamar el lunes solucióncoge del campo dirección 2 la dirección del cliente para la factura de venta,gestión
43,165324,buenos díashe renovado el certificado digital y hay que modificarlo en el programa no consigo hacerlo necesito enviar una factura de face hoypor favor contestarme lo antes posible,certificado digital nuevo,para poder instalar el certificado en el programa a3erp debe de estar el certificado instalado en el ordenador no sirve tenerlo en el servidorcomo he comentado una vez tengan el certificado en el ordenador en el que trabajan pueden llamarnos de nuevo y procederemos a instalarlo en a3erpsi tienen algo que indicar pueden mandar un correo a clientessdies,consulta del cliente,horario de 900 1300 buenos díashe renovado el certificado digital y hay que modificarlo en el programa no consigo hacerlo necesito enviar una factura de face hoypor favor contestarme lo antes posible01122023mlaura incidenciatiene instalado el nuevo certificado en el servidor y el programa no se lo reconoceimg,gestión
44,165322,,fichero que no saca del a3erp,corregimos la domiciliación del cliente y volvemos a generar el fichero de remesa,consulta cliente n2,problemaefecto de cliente que no se genera fichero remesa en el puesto incluso da errores de que no existe buscándolo en el puestoimg,cartera
45,165315,buenasnecesito que me expliquéis como se crean fichas de amortización tengo que crear varias elementos de transporte maquinariaetcmuchas gracias,crear ficha de amortización,se muestra al cliente desde al a3responde donde explica paso a paso cómo hacerlosi le surge alguna duda o comentario nos avisaráactivos fijos wolterskluweres,consulta del cliente,buenasnecesito que me expliquéis como se crean fichas de amortización tengo que crear varias elementos de transporte maquinariaetcmuchas graciassoluciónse muestra al cliente desde al a3responde donde explica paso a paso cómo hacerlosi le surge alguna duda o comentario nos avisaráactivos fijos wolterskluweres,gestión
46,165298,,13h actualizar a3erp,buenos díasse ha actualizado a3erp y siiadjunto links a las principales mejoras de las nuevas versiones de a3erp así como de siiversiones un saludo,mantenimiento preventivo,horario 5001300hactualizar el programa tienen la versión 140406el motivo es porque les ha salido el bug de fra borradora3erp 1404061 140408sii 310 330convesii 136canonsigfito 450 460,sistemas
47,165296,al entrar en a3 mensaje arrancando espere,error otro a3erp está arrancandoactualizando espere unos segundos,solucionar con sql el problema de arranque de a3erp,consulta del cliente,al entrar en a3 mensaje arrancando espereno pueden entrar en 3 equipos ni en el servidorpruebo en el servidorimg,sistemas
48,165295,explicar cambio de codigos,cambio de códigos,se aconseja en estos casos renombrar el artículo que tiene el número de registro antiguo crearcopiar con el mismo código un artículo e indicar el número de registro nuevo después realizar una regularización sacando las existencias con el número de registro antiguo y dando entrada con el número de registro nuevo marcar el artículo con el registro antiguo como obsoleto y bloqueado,consulta del cliente,explicar cambio de códigospregunta por yolanda porque ya ha llevado el tema y no quiere tener que explicarlo otra veznota 01122023 yolandahe llamado pero ya estaban se habían ido de la oficinalo que hay que explicar a fuensanta es lo que se ha explicado a su compañero se aconseja en estos casos renombrar el artículo que tiene el número de registro antiguo crearcopiar con el mismo código un artículo e indicar el número de registro nuevo después realizar una regularización sacando las existencias con el número de registro antiguo y dando entrada con el número de registro nuevo marcar el artículo con el registro antiguo como obsoleto y bloqueado04122023mlaura incidenciale explico a fuensanta lo que yolanda me ha dejado escritodice que no le podemos llamar a las 1400 horas porque es su descanso para comera parte ella quería hablar con yolanda pero como no esta ya entiende la solución que le propongo pues ya está me cuelga el teléfono sin más,gestión
49,165287,buenos días ayer estuvieron realizando actualizaciones en el programa y hoy no podemos acceder al programa en algún ordenadorpor favor necesitamos solucionarlo lo antes posibleun saludo,error al abrir programa,se realiza actualización pendiente del puesto de manuel para poder acceder a los módulos,consulta del cliente,buenos días ayer estuvieron realizando actualizaciones en el programa y hoy no podemos acceder al programa en algún ordenadorpor favor necesitamos solucionarlo lo antes posibleun saludosoluciónse realiza actualización pendiente del puesto de manuel para poder acceder a los módulos,sistemas
50,165282,buenos dias he sacado 3 pedidos a fabricar ahorapor favor fuerzalos para sacar las etiquetas ahoraque me corren prisa gracias,twister,lanzar sincro de twister para pasar los pedidos,consulta del cliente,buenos dias he sacado 3 pedidos a fabricar ahorapor favor fuerzalos para sacar las etiquetas ahoraque me corren prisa gracias,procesos externos
51,165281,todos los años tenemos problemas al subir el inventario pq nos descuadra las cantidades como es la forma optima de sacar el listado,inventario,desde la pestaña stock inventario en gestión de inventarios le damos nuevo y nos creamos un inventario a fecha de hoyexportamos a excel para usarlo para nuestro recuento y lo borramoscuando lo tengamos que hacer a día 01012024 hacemos nuevo y comprobamos que nos muestre todos nuestros artículos y modificamos unidades,consulta del cliente,todos los años tenemos problemas al subir el inventario pq nos descuadra las cantidades cómo es la forma optima de sacar el listadosolucióndesde la pestaña stock inventario en gestión de inventarios le damos nuevo y nos creamos un inventario a fecha de hoyexportamos a excel para usarlo para nuestro recuento y lo borramoscuando lo tengamos que hacer a día 01012024 hacemos nuevo y comprobamos que nos muestre todos nuestros artículos y modificamos unidades,gestión
52,165277,como poner en ficha de producto el precio del sigfitopara poder facturarlo junto al product,impuesto canon sigfito,para indicar que es un canon hay que poner el importe del canon en el artículoluego ver que este marcado aplicar impuestos especiales tanto en el cliente como en el proveedor,consulta del cliente,como poner en ficha de producto el precio del sigfitopara poder facturarlo junto al product01122023ya no esta en la oficina04122023es festivo en torres así que hasta mañana no estan05122023mlaura incidenciaquiere aplicar el canon sigfitosoluciónpara indicar que es un canon hay que poner el importe del canon en el artículoluego ver que este marcado aplicar impuestos especiales tanto en el cliente como en el proveedortuve que documentarme porque me pregunto si se podía hacer de forma masiva tiene vista antigua le he comentado que debería de ponerse la vista actual para irse actualizando para futuras versiones pero no esta dispuesto a ellole marco varios artículos con el importe del canonle marco varios clientes que contienen el canoncreo que volverá a llamar pues no le ha quedado muy claro después de realizar bastantes clientes y artículos,otro
53,165276,no puede entrar en a3erp le solicita usuario y contraseña,usuario y contraseña a3erp,se vuelven a añadir las credenciales del cloud,consulta del cliente,no puede entrar en a3erp le solicita usuario y contraseñasoluciónse vuelven a añadir las credenciales del cloudse añade en syspass la dirección del cloud,sistemas
54,165272,beunos dias estoy intentando facturar masivaente todos los albaranes del mes pasado y no me dejapodeis ayudarme,factura urgente,se configura serie borrador para omitir error de la facturación automática de albaranes de venta,consulta del cliente,beunos dias estoy intentando facturar masivaente todos los albaranes del mes pasado y no me dejapodeis ayudarmeproblemafacturación automática de albaranes de venta error por versión acerca de la serie de factura borradorsolución se configura serie borrador para omitir error de la facturación automática de albaranes de venta,gestión
55,165270,facturacion,urgente no hay ninguna serie configurada como factura borrador ir al mantenimiento de series y configurar una,bug de la versiónse propone varias opciones actualizar versión realizar la facturación manual crear una factura borrador sólo crear no trabajar con ella,bug fabricante,facturacion01122023mlaura incidenciatienen un problema parecido al del mes pasado están facturando pero a la hora de facturar lo hacen por ruta forma de pago ruta 8 mensual y les da el siguiente errorimg,otro
56,165269,no contabiliza bien los cuadres de caja,tpvcuadre de caja llamar al 674401049,solucionado por el cliente nos llamará cuando vuelva a suceder la incidencia del cuadre de caja y el efectivo,consulta del cliente,no contabiliza bien los cuadres de cajasoluciónel cliente indica que llamará otra vez si detecta el mismo problema nos volverá a llamar seguirá trabajando con el tpv hasta detectarlo,gestión
57,165256,consulta para ver cómo se puede cambiar el código de proveedor en varias facturas con efectos de cartera pagados,consulta,para poder cambiar el código del proveedor en las facturas de compra es necesario que el efecto de cartera de la factura esté en situación pendiente de pago si está pagado el efecto no se podrá realizar el cambio de código de proveedor en cualquier situación que se requiere un cambio o una modificación del documento su situación siempre tiene que ser pendiente para cualquier documento ya sea de venta o de compra tiene el mismo procedimientodebe deshacer el pago por anticipo en la factura para poder cambiar el código del proveedor tanto en el anticipo como en la factura de compra,consulta del cliente,horario 800 1300 y 1500 1600 consulta para ver cómo se puede cambiar el código de proveedor en varias facturas con efectos de cartera pagadossolución enviada por correopara poder cambiar el código del proveedor en las facturas de compra es necesario que el efecto de cartera de la factura esté en situación pendiente de pago si está pagado el efecto no se podrá realizar el cambio de código de proveedor en cualquier situación que se requiere un cambio o una modificación del documento su situación siempre tiene que ser pendiente para cualquier documento ya sea de venta o de compra tiene el mismo procedimientosolucióndebe deshacer el pago por anticipo en la factura para poder cambiar el código del proveedor tanto en el anticipo como en la factura de compra,cartera
58,165254,he creado un usuario y necesito copiar los permisos de otro usuario,crear usuario,copiamos los permisos de varios usuarios,consulta del cliente,he creado un usuario y necesito copiar los permisos de otro usuario01122023mlaura incidenciatiene varios usuarios creados quiere modificar uno y dar de alta a otro que tengan los tres las mismas característicassolucióncopiamos los permisos de varios usuarios,gestión
59,165242,este error nos ha dado al facturar,error al facturar a partir de las 930,ya solucionado por el cliente,consulta del cliente,este error nos ha dado al facturarsoluciónya solucionado por el cliente,gestión
60,165197,buenas tardes estoy presentado el intrastat de noviembre y me da este error he comprobado y yo lo veo correctome puede llamar alguien para verificar que pasa se ha producido un error en su declaracion 2311daa000023 a fecha 30112023 a continuacion le mostramos mas datos código error descripción error 2 0046 0586 ausencia del valor estadistico 2 0046 0581 ausencia valor factura 2 0048 0586 ausencia del valor estadistico 2 0048 0581 ausencia valor factura,error intrastat,solucionado por el cliente realizará manualmente la presentación del intrastat,consulta del cliente,buenas tardes estoy presentado el intrastat de noviembre y me da este error he comprobado y yo lo veo correctome puede llamar alguien para verificar que pasa se ha producido un error en su declaracion 2311daa000023 a fecha 30112023 a continuacion le mostramos mas datos código error descripción error 2 0046 0586 ausencia del valor estadistico 2 0046 0581 ausencia valor factura 2 0048 0586 ausencia del valor estadistico 2 0048 0581 ausencia valor factura,gestión
61,165190,no me deja hacer una agrupación de recibos para el 2024,agrupacion de recibos,en preferencias modificamos la fecha máxima a 31122024 y nos deja generar la agrupación sin problemasuna vez generada volvemos a poner la fecha que tenia el programa 31122023,consulta del cliente,horario de 800 1600no me deja hacer una agrupación de recibos para el 202430112023mlaura incidenciaquiere agrupar dos recibos pero para generar la agrupacion en enero 2024 y le sale errorsoluciónen preferencias modificamos la fecha máxima a 31122024 y nos deja generar la agrupación sin problemasuna vez generada volvemos a poner la fecha que tenia el programa 31122023,gestión
62,165188,buenos tardes no podemos acceder a a3 erp el aviso que nos muestra es que no tenemos licenciasun saludo,error al acceder al a3 erp gestor de licencias,se desactiva el licenciador,consulta del cliente,buenos tardes no podemos acceder a a3 erp el aviso que nos muestra es que no tenemos licenciasun saludo01122023preguntar por ricardo o por ceciliano les deja acceder al programa este es el errorimg,sistemas
63,165183,quiero dar de baja un inmovilizado que todavía no está totalmente amortizado se hacer los asientos manualmente pero no de forma automática con vuestro programa en la ficha no consigo cambiar la fecha de baja,baja inmovilizado,la baja de inmovilizado lo único que realiza es que en la ficha del inmovilizado aparece como cancelado no permite ya trabajar con ella y elimina las cuotas pendientes de amortizar y si es necesario recalcula la última cuotasi se quiere cambiar la fecha de la baja se puede dar al botón de anular baja y volver a dar la baja con la fecha deseada,consulta del cliente,horario de 900 1400 y 1600 1900 quiero dar de baja un inmovilizado que todavía no está totalmente amortizado se hacer los asientos manualmente pero no de forma automática con vuestro programa en la ficha no consigo cambiar la fecha de bajasoluciónla baja de inmovilizado lo único que realiza es que en la ficha del inmovilizado aparece como cancelado no permite ya trabajar con ella y elimina las cuotas pendientes de amortizar y si es necesario recalcula la última cuotasi se quiere cambiar la fecha de la baja se puede dar al botón de anular baja y volver a dar la baja con la fecha deseadaimg,gestión
64,165180,,error enlace a3eco,comentamos que la versión 1405 se podrá corregir la fecha contable de las facturas desde la facturación automáticapara el enlace dat se hace sin problemas pasan todas las facturas,consulta cliente n2,horario de 800 1500problemaen la exportación de a3eco no se genera archivo de una factura en concreto 2023 1955 se ha probado otras facturas y si generan la exportacióndejamos copia bbdd en el repositorio del clientetal cual aparece en la foto hay que sacar esa factura cuando procesas de generar error de no hay datosimg,gestión
65,165172,como realizar la baja de comisiones,consulta comisiones,no es obligatorio eliminar las comisiones una vez abonadas basta con hacer una selección de fecha a fecha y así el programa te calcula el importe de las comisiones a abonarsi aun así se quieren eliminar en el listado de comisiones tendremos que situarnos en la línea a eliminar y pulsar al signo,consulta del cliente,como realizar la baja de comisiones30112023mlaura incidenciaquiere pagar las comisiones desde el 2018 a un representante pero quiere luego eliminarlas del programasoluciónno es obligatorio eliminar las comisiones una vez abonadas basta con hacer una selección de fecha a fecha y así el programa te calcula el importe de las comisiones a abonarsi aun así se quieren eliminar en el listado de comisiones tendremos que situarnos en la línea a eliminar y pulsar al signo,gestión
66,165007,se me han desconfigurado algunas características hoy en la actualización hecha como las sumas de importes parciales,configuración menús,solucionado por el cliente,consulta del cliente,horario 800 1300 de 1500 1800 se me han desconfigurado algunas características hoy en la actualización hecha como las sumas de importes parciales30112023lo ha solucionado el clientecerrando el programa y volviendolo a abrir,gestión
67,165006,,problema de instalación de a3erp en un puesto,buenos díasse deja instalado a3erp en equipo que da erroresun saludo,consulta del cliente,horario lj 900 1400 y 1500 1800 v 900 1500img,sistemas
68,164953,en uno de los puesto no tienen acceso,no acceso a a3,se instala el programa correctamente,consulta del cliente,problemaen un equipo no puede entrar la programasoluciónpor sergio30112023en este equipo no se había hecho la carga del programa una vez actualizado y por eso no podía entrar se abre el programa con el usuario administrador hace la carga y entramos sin problema,gestión
69,164921,consultar clientes con saldo 000buenos díasruego se pongan en contacto conmigo para resolver esa duda gracias,consultar clientes con saldo 000,se envía excel de los datos migrados original para comparar con la información de su programa antiguo,consulta cliente n2,horario lj 900 1700 v 900 1500 consultar clientes con saldo 000ruego se pongan en contacto conmigo para resolver esa duda 30112023mlaura incidenciacliente de arpedice que no sabe los clientes que le deben dineroquiere un listado de los clientes que le deben dinero como tenia ese programano quiere el listado de carterano quiere entrar cliente por clienteporque tiene clientes que arrastran deuda del otro programaimg,cartera
70,164820,buenos diasel martes se conecto maria y me dejo los cubos de centro de coste correctoslo unico que en la columna precio de venta no me aparecen los precios de venta que tiene cada articulo asignado en su ficha me lo podeis poner para que apareazca por favor,cubos de centros de coste llamar 0512,añadimos el campo precio de venta de la ficha del artículo en el cubo de ventas,consulta cliente n2,buenos diasel martes se conecto maria y me dejo los cubos de centro de coste correctoslo unico que en la columna precio de venta no me aparecen los precios de venta que tiene cada articulo asignado en su ficha me lo podeis poner para que apareazca por favorproblemacubo configurado por sdi no saca el precio de venta del artículopor sergio05122023soluciónconectamos con el usuario y se añade en la vista del cubo para que aparezca el campo precio de venta de la ficha del artículose hace la prueba y aparece sin problema,gestión
71,164672,buenos díasvemos que estamos sacando lotes nuevos y se quedan viejos entiendo que el programa está preparado para sacar los lotes más antiguo y cuando se acaba el stock sacar el mas nuevo pero si se fija en la imagen los alterna y no sabemos el motivo,errores en los moviemientos de los lotes,se revisa el criterio de asignación de lotes en el proceso de servir pedidosse actualizará el 04122023 junto con las modificaciones realizadas en el ticket 162283,bug nivel 2 desarrollo,horario oficina 800 1300 y 1600 1930 buenos díasvemos que estamos sacando lotes nuevos y se quedan viejos entiendo que el programa está preparado para sacar los lotes más antiguo y cuando se acaba el stock sacar el mas nuevo pero si se fija en la imagen los alterna y no sabemos el motivoproblema con el proceso discon servir pedidos de venta que sirven el pedido de venta a una factura de venta no está cogiendo el lote correctamenteimg,procesos externos
72,164531,buenos díaslas lineas de los articulos plastico se calculan y se colocan en las últimas lineas en lugar de ir a continuación de su articulo padre esto dificulta la comprensión de la facturacabe la posibilidad de cambiarlo,modificar albaranes impresión por el impuesto del plástico,presupuesto,consulta del cliente,horario de 800 1330 y 1500 1800 buenos díaslas lineas de los articulos plastico se calculan y se colocan en las últimas lineas en lugar de ir a continuación de su articulo padre esto dificulta la comprensión de la facturacabe la posibilidad de cambiarlo30112023mlaura incidenciatiene un vertical echo pero a la hora de imprimir los albaranes quiere modificar los artículos del plásticoquiere que cada impuesto plastico vaya debajo del artículo no al final del documentoimg,gestión
73,164478,buenas necesito que al sacar el sys se incluya los saldos de apertura y nose como hacerlos para que me salga en el excelgracias,sumas y saldos sin saldo inicial,comprobamos que no está hecho el asiento de cierre del 2022 ni el asiento de apertura del 2023aconsejamos hacerlo y volver a sacar el listado,consulta del cliente,buenas necesito que al sacar el sys se incluya los saldos de apertura y nose como hacerlos para que me salga en el excelgraciasimg,conta
74,164420,,presupuesto sdi12759 incidencia para presupuestar,se genera presupuesto y se envía por correo electrónico,presupuesto,horario de 800 1600se le puede llamar sebas título de la modificaciónmejoramigración de servidor por fin de soporte de windows server 2012r2 han declinado cloud descripción de los trabajos a realizar punto 1instalación de a3 e iges en el servidor con sql server standard3 horaspunto 2migración de servidor antiguo3 horaspunto 3instalación de clientes y pruebas2 horas horas necesarias 8h sql estándar usuario que ha analizado rubén garcía usuario que ha valorado guillermo usuario que ha validado guillermo,sistemas
75,164382,buenos dias necesito que me llameis porque me dice el gestor que os pregunte por las facturas de autoconsumo de existenciasgracias,autoconsumo existencias,se propone varias opciones realizar las facturas sin cartera y sin repercusiones contables realizar en lugar de albaranes de venta albaranes de regularización,consulta cliente n2,horario de 800 a 1700buenos dias necesito que me llameis porque me dice el gestor que os pregunte por las facturas de autoconsumo de existenciasgraciasproblemael cliente después de hablar con su asesor preguntar si es posible generar para varios clientes de a3erp sus distintas sedes de empresa agrotrapiche sus propias facturas de autoconsumo para cuando tengan alguna inspección poder declarar este tipo de acciones de gestión de empresaactualmente utilizan albaranes de venta para dar salida a la mercancía del almacén del programa y físico y después lo dejan sin facturar como pendiente o en no facturable su asesor le dice que se puede realizar facturas de autoconsumo sin reflejar contabilidad y cartera nota juan después de comprobar la información proporcionado por el cliente no he detectado o visto funcionalidad que se pueda aplicar a la factura de autoconsumo paso a n2 para ver si pueden ver otra forma y explicarlo al clientesolución30112023 yolandacomentar que el programa no tiene facturas de autoconsumose propone varias opciones realizar las facturas sin cartera y sin repercusiones contables el stock sale del almacén pero se declara iva en los listados y en el modelo de hacienda realizar en lugar de albaranes de venta albaranes de regularización el stock sale del almacén y si son productos fitosanitarios se suben al reto,gestión
76,164380,no me salen en algunos articulos el precio medio,articulos,recálculo de stocks y precios medios para corregir varios artículos en cantidades y costesdocumento regularización para poder corregir costes de manera manual,consulta del cliente,horario de 700 1300 y 1500 1900no me salen en algunos articulos el precio mediosoluciónrecálculo de stocks y precios medios para corregir varios artículos en cantidades y costesdocumento regularización para poder corregir costes de manera manual,gestión
77,164030,pregunta si el aviso de los días que le quedan de uso del programa se puede quitartodos los meses se le renueva y todos los días le salta el aviso de descuento,quitar aviso,renovación de licencias temporales dudas resueltas,consulta del cliente,pregunta si el aviso de los días que le quedan de uso del programa se puede quitartodos los meses se le renueva y todos los días le salta el aviso de descuentosoluciónrenovación de licencias temporales dudas,sistemas
78,164028,buenos días necesito sacar para el auditor un listado del inmovilizado y su amortización pero resulta que hay elementos de inmovilizado en el bcsysaldos que no salen en el listado de inmovilizado todos están totalmente amortizados pero en el listado hay otros elementos que también están totalmente amortizados y sí me los da a que es debido es posible que estén dados de baja pero porque unos sí y otros no estando todos totalmente amortizados espero vuestra llamada un saludo y gracias sandra,consulta sobre listado de inmovilizado,desde la opción de listado de inmovilizado podemos elegir en características del listado el formato para poder sacar cuotas amortización acumulada etcmostramos que si el elemento de inmovilizado número 60001 no está dado de alta como ficha de inmovilizado no va a salir en el listadopodemos ver las cuotas amortizadas desde el mayor de las cuentas de amortización,consulta del cliente,necesito sacar para el auditor un listado del inmovilizado y su amortización pero resulta que hay elementos de inmovilizado en el bcsysaldos que no salen en el listado de inmovilizado todos están totalmente amortizados pero en el listado hay otros elementos que también están totalmente amortizados y sí me los da a que es debido es posible que estén dados de baja pero porque unos sí y otros no estando todos totalmente amortizados solucióndesde la opción de listado de inmovilizado podemos elegir en características del listado el formato para poder sacar cuotas amortización acumulada etcmostramos que si el elemento de inmovilizado número 60001 no está dado de alta como ficha de inmovilizado no va a salir en el listadopodemos ver las cuotas amortizadas desde el mayor de las cuentas de amortización,gestión
79,164027,buenos días tenemos problemas a la hora de emiir facturas electrónicas ya que nos están rechazando algunas porque no aparece un número de cuenta bancaria para hacer el pago a pesar de que en el documento en papel si que salen nuestras cuentas bancariaspodrían ayudarnosun saludo y gracias de antemano por su ayuda,cuenta bancaria que no aparece en facturas electrónicas,comprobar factura xml no aparece el número de cuenta bancariacomprobar factura el documento de pago no tiene puesto transferencia se pone y genera factura xml con el número de cuenta bancaria,consulta del cliente,buenos días tenemos problemas a la hora de emiir facturas electrónicas ya que nos están rechazando algunas porque no aparece un número de cuenta bancaria para hacer el pago a pesar de que en el documento en papel si que salen nuestras cuentas bancariaspodrían ayudarnosun saludo y gracias de antemano por su ayudasolución30112023 yolandacomprobar factura xml no aparece el número de cuenta bancariacomprobar factura el documento de pago no tiene puesto transferencia se pone y genera factura xml con el número de cuenta bancaria,gestión
80,164025,hemos tenido que formatear un equipo tiene el a3 instalado pero al abrirlo da el error indicado en el archivo adjunto cancelamos esa pantalla y se abre el abre el a3,error al entrar al a3erp,instalación del a3erp tras errores en puesto local y parametrización de módulos de sdi en varios puestos,consulta del cliente,horario 800 1600 hora canaria hemos tenido que formatear un equipo tiene el a3 instalado pero al abrirlo da el error indicado en el archivo adjunto cancelamos esa pantalla y se abre el abre el a3solucióninstalación del a3erp tras errores en puesto local y parametrización de módulos de sdi en varios puestos,sistemas
81,164023,cuando quiero ver el listado de clientes me sale un filtro no se como quitarlo no lo veo podeis ayudarme,clientes quitar filtro en busqueda,en la grid de clientes en filtro con barra espaciadora se quita el filtro que estaba seleccionado y damos buscarya nos muestra los clientes correctamente,consulta del cliente,cuando quiero ver el listado de clientes me sale un filtro no se como quitarlo no lo veo podéis ayudarmesoluciónen la grid de clientes en filtro con barra espaciadora se quita el filtro que estaba seleccionado y damos buscarya nos muestra los clientes correctamente,gestión
82,164019,nos da el error que paso en la captura en el adjunto al cargarlo en un equipo,errror al cargar el programa,duplicada con ticket 164014,duplicada,no prestasync cualquier incidencia de prestasync asignar directamente a áfrica horario de 800 1500 hora canaria nos da el error que paso en la captura en el adjunto al cargarlo en un equipoduplicada con tarea,sistemas
83,164016,quiero hacer una consulta referente al lote y nº de serie,consulta lote o numero de serie,acerca del área de clientes de wolters kluverdudas con lotes y números de serie para trabajar en a3erp,consulta del cliente,quiero hacer una consulta referente al lote y nº de serieproblemaconsultas y dudas con lotes y números de seriesoluciónacerca del área de clientes de wolters kluverdudas con lotes y números de serie para trabajar en a3erp,gestión
84,164015,mensaje de error después de la actualización de fitosanitariosusuario bloqueado,mensaje de error,se realiza actualización de fitosanitarios y se comprueba después si se ha quedado bloqueado algún usuario,consulta del cliente,horario 800 1300 y 1530 1800 horario verano 800 1500 mensaje de error después de la actualización de fitosanitariosusuario bloqueadosoluciónse realiza actualización de fitosanitarios y se comprueba después si se ha quedado bloqueado algún usuario,gestión
85,164014,tenemos un equipo en el que no se carga el programa,no se abre el programa en un equipo,se cambia desde el registro la opción de pedir contraseña,error generado por el cliente,no prestasync cualquier incidencia de prestasync asignar directamente a áfrica horario de 800 1500 hora canaria tenemos un equipo en el que no se carga el programasolución tenían recordada la contraseña para el usuario nuvia y habrá cambiadose entra en el registro de windows para poner el flag de pedir contraseña a 1img,sistemas
86,164007,cambiar numero de cuenta en factura,cambiar numero de cuenta en factura,le explico como cambiar la cuenta en las facturas,consulta del cliente,cliente que proviene de gefiscalcambiar numero de cuenta en factura30112023mlaura incidenciaquieren saber como cambiar la cuentasoluciónle explico como cambiar la cuenta en las facturas,gestión
87,164006,al conectarnos a a3 sigue saliendo el aviso que va restando días el mes pasado llegó a cero y no pudimos abrir a3 en ningún puestoahora marca que quedan 2urge no podremos entrar el lunes,quedan dos dias,renovación de licencias temporales a3erp,consulta del cliente,al conectarnos a a3 sigue saliendo el aviso que va restando días el mes pasado llegó a cero y no pudimos abrir a3 en ningún puestoahora marca que quedan 2urge no podremos entrar el lunesse pone tarea programada con licenciador automático,sistemas
88,164005,estimados sresen un articulo que ya existía código 2030010 pero que no tenía precio le hemos puesto el precio nuevoal incluir este artículo en un pedido de un cliente no nos coge el precio que si vemos en pantalla del producto quedamos a la espera de respuesta gracias,precio articulo que no muestra el precio de venta,en ficha de artículo en pestaña ventas tenemos la pestaña tarifasen el pedido nos mostraba cero porque era el precio que tenía puesto la tarifacambiamos precio de la tarifa y nos muestra el precio correctamente,consulta del cliente,horario de 800 1430 en un articulo que ya existía código 2030010 pero que no tenía precio le hemos puesto el precio nuevoal incluir este artículo en un pedido de un cliente no nos coge el precio que si vemos en pantalla del productosoluciónen ficha de artículo en pestaña ventas tenemos la pestaña tarifasen el pedido nos mostraba cero porque era el precio que tenía puesto la tarifacambiamos precio de la tarifa y nos muestra el precio correctamente,gestión
89,164002,quiere hacer una bonificacion de factura del 5,nota de abono en factura,hacemos factura rectificativa y enviamos al sii,consulta del cliente,horario de 800 1300 y 1500 1800 quiere hacer una bonificacion de factura del 530112023mlaura incidenciaestá haciendo una factura de abono le enseño a marcar el check y a indicar de la factura que rectifica enviamos al siiisoluciónhacemos factura rectificativa y enviamos al sii,otro
90,164001,arreglar kit de productos no funciona biencuando un producto lo coge de varios sitios ahora no lo hace el programa,kit de montaje,el producto kit no está marcado para que salga la estructura automáticamente por ello carga los componentes se corrige marcando el check de que salga los componentesse crea vista en cubo de ventas clientes para sacar el total del ejercicio 2023 por cliente,consulta del cliente,horario 800 a 1300 y de 1500 a 1800arreglar kit de productos no funciona biencuando un producto lo coge de varios sitios ahora no lo hace el programaproblemaproducto que no ha cargado su estructura de kit en las ventas las 3 primeras ventas no ha cargado el kit y sus componentes vinagre agricola 22º código 101081img,gestión
91,163998,falta la pestaña de artículos de campos externos,falta pestaña de campos externos,creamos un nuevo perfil para poder solucionar el problema,consulta cliente n2,horario de 800 a 1400 y 1600 a 2000 falta la pestaña de artículos de campos externosimg,gestión
92,163992,la licencia caduca en 2 días,renovar licencia,se renuevan licencias temporales a3erp,consulta del cliente,horario de 800 1300 y 1600 1900 por la tarde es mas probable contactar con ellala licencia caduca en 2 díassoluciónse renuevan licencias temporales a3erptarea programada con licenciador automático,sistemas
93,163982,acabo de darme cuanta que no me está poniendo la misma fecha contable que la fecha de la factura mando pantallazo alguna vez he me ha saltado algun mensaje diciendome algo de las fechas pero la verdad es que no lo entendia y no he prestado atencion ahora al repasar la contabilidad de un cliente he visto que esto es asi pero no lo entiendo muy bien adjunto pantallazo yo creo que antes si coincidian las dos fechas sin yo tener que hacer nada para que me expliquen un poco,fecha factura y fecha contable,es una funcionalidad del programa que no podemos quitar que viene explicada en a3responde la necesidad de que sea asíel cliente mirará a finales de cada trimestre los últimos albaranes el facturarlos con fecha factura dentro del mes de la fecha del albarán para que también tenga la misma fecha contable,consulta del cliente,acabo de darme cuanta que no me está poniendo la misma fecha contable que la fecha de la factura mando pantallazo alguna vez he me ha saltado algun mensaje diciendome algo de las fechas pero la verdad es que no lo entendia y no he prestado atencion ahora al repasar la contabilidad de un cliente he visto que esto es asi pero no lo entiendo muy bien adjunto pantallazo yo creo que antes si coincidian las dos fechas sin yo tener que hacer nada para que me expliquen un pocosoluciónes una funcionalidad del programa que no podemos quitar que viene explicada en a3responde la necesidad de que sea así el cliente mirará a finales de cada trimestre los últimos albaranes el facturarlos con fecha factura dentro del mes de la fecha del albarán para que también tenga la misma fecha contable,gestión
94,163977,,presupuesto sdi12765 modificar de nuevo el modelo de impresión de las facturas,se genera presupuesto y se envía por correo electrónico,presupuesto,incidencia para valorarpresupuestartítulo de la modificaciónmejoramodificar de nuevo el modelo de impresión de las facturasdescripción de los trabajos a realizarmodificar de nuevo el modelo de impresión de las facturas de venta en el cual sdi realizará los siguientes cambioslstimprfacv28726001factura de venta añadir su código registro productor que debe ir informado en el pie debajo de la inscripción de registro mercantil horas necesarias 1h usuario que ha analizado maría laura corral usuario que ha valorado esther usuario que ha validado esthernota adicional este documento ya fue modificado hace unas semanas por lo que la clienta cree que no se le debería de cobrar importe alguno nota interna adjunto copia del documento,otro
95,163976,no le deja sacar etiqueta de envío de clienteno le aparece la opción de imprimir etiqueta,imprimir etiqueta con dirección de entrega de cliente,enseñamos desde buscar opción que puede buscar etiquetas de clientes marcamos el cliente que queramos y elegimos el modelo de etiqueta de dirección de entrega comprobamos que funciona correctamente,consulta del cliente,no le deja sacar etiqueta de envío de clienteno le aparece la opción de imprimir etiquetasoluciónenseñamos desde buscar opción que puede buscar etiquetas de clientes marcamos el cliente que queramos y elegimos el modelo de etiqueta de dirección de entrega comprobamos que funciona correctamente,gestión
96,163974,buenaspor favor llamadme mañana por la mañana,no deja imprimir,se desmarca la opción de permitir que windows administre las impresoras en su puesto local se realizan pruebas de impresión y fichero pdf con éxito,consulta del cliente,por favor llamadme mañana por la mañana soluciónse desmarca la opción de permitir que windows administre las impresoras en su puesto local se realizan pruebas de impresión y fichero pdf con éxito,sistemas
97,163970,incluir nuestro nº registro productor en facturas,nº registro productor en factura,preupuesto,consulta del cliente,incluir nuestro nº registro productor en facturas29112023mlaura incidenciaen el modelo de impresión factura de venta quiere añadir el código reto comenta que ya se le hizo un modelo de impresión la semana pasada por lo que no debería de pagar mas dinerocodigo retoimg,modelos impresión
98,163949,,presupuesto sdi12758 control de lotes con fecha de caducidad presupuesto,se genera presupuesto y se envía por correo electrónico,presupuesto,incidencia para valorarpresupuestartítulo de la modificaciónmejoracontrol de artículos caducados al servir pedidos descripción de los trabajos a realizardesde fruseca se desea poder controlar los artículos caducados al servir pedidos desde el proceso desarrollado teniendo marcada la opción de permitir vender artículos caducadospara ello se modificará el proceso de servir pedidos en dicho proceso antes de servir una línea se comprobará la fecha de caducidad del artículo a servir en el caso de que dicha fecha sea anterior a la fecha actual se pasará a comprobar el número de unidades a servir en caso de que las unidades a servir sean negativas se considerará que es una devolución y se indicará como almacén destino de la línea el almacén de productos caducadossi por el contrario las unidades de la línea fueran positivas se pausará el proceso mostrando un mensaje que indique esta circunstancia y se permitirán tres opciones1 no servir artículo si se elige esta opción la línea del artículo se dejará sin servir continuando el proceso con el resto de las líneas2 cambiar lote esta opción permitirá cambiar el lote de la línea por otro con una fecha de caducidad no sobrepasada para ello mostrará en una ventana una lista de lotes disponibles junto con la cantidad disponible y la fecha de caducidad si fuera necesario se podría repartir la cantidad a servir en varios lotes3 cambiar el almacén de destino al almacén de productos caducados esta opción lo que haría sería cambiar el almacén de la línea por el almacén de productos caducados de la misma manera que se hace con los abonosen caso de cancelar este proceso se entenderá que se ha seleccionado la opción 1 y no se servirá la líneauna vez seleccionada una opción o cancelado el proceso se continuará con los demás artículosse añadirá un nuevo parámetro en la configuración de los procesos externos para indicar cual es almacén de productos caducadosnota esta funcionalidad será valida sólo desde el proceso externo de servir pedidos si se sirven pedidos con la funcionalidad de a3erp se podrán servir con lotes caducadoshoras necesarias 11 horas incluido el tiempo ya invertido usuario que ha analizado yolanda usuario que ha valorado toño usuario que ha validado toño,procesos externos
99,163945,buenas tardes tenemos problemas con los preciosen algunos clientes que tienen designada la tarifa uno de precios coge los precios de la tarifa 2 y otros de la casilla precio de ventame urge que me lo solucionen,precios de las tarifas,se revisan tarifas clientes y artículos con la tarifa asignada después de pruebas realizadas con el cliente no se detecta incidencia indicamos que si falla el precio de venta que comrpueban las cabeceras del documento de venta y el cliente en sus condiciones,consulta del cliente,buenas tardes tenemos problemas con los preciosen algunos clientes que tienen designada la tarifa uno de precios coge los precios de la tarifa 2 y otros de la casilla precio de ventame urge que me lo solucionensoluciónse revisan tarifas clientes y artículos con la tarifa asignada después de pruebas realizadas con el cliente no se detecta incidencia indicamos que si falla el precio de venta que comrpueban las cabeceras del documento de venta y el cliente en sus condiciones,gestión
100,165624,he generado un anticipo de pago de un presupuesto por parte de un cliente se ha compensado la factura con la entrega a cuenta pero le tengo que devolver dinero ya que ha ingresado más importe del facturado ya me diréis que operativa hay en la cartera de clientes,anticipo de cliente,se puede realizar desde el anticipo del cliente la devolución parcial o resto del anticipo pendientes con repercusiones contablesse indica en negativo en cartera de clientes la factura para devolver,consulta del cliente,he generado un anticipo de pago de un presupuesto por parte de un cliente se ha compensado la factura con la entrega a cuenta pero le tengo que devolver dinero ya que ha ingresado más importe del facturado ya me diréis que operativa hay en la cartera de clientesproblemadudas en cartera de cliente con respecta a devoluciones de anticipos consumidos parcialmente y devoluciones de facturas enterassoluciónse puede realizar desde el anticipo del cliente la devolución parcial o resto del anticipo pendientes con repercusiones contablesse indica en negativo en cartera de clientes la factura para devolver,cartera
101,165614,desde la actualizacion de ayer no deja actualizar liquidaciones,muy urgente,cierre de incidencia por duplicada se está trabajando el problema en otra tarea,duplicada,desde la actualizacion de ayer no deja actualizar liquidaciones,procesos externos
102,165595,necesito crear diferentes tipos de clientes y después a un articulo crerale diferentes descuentos según el tipo de cliente,crear tipos de clientes,le explico qué es una familiale explico cómo indicar los descuentos a los artículos según el cliente,consulta del cliente,necesito crear diferentes tipos de clientes y después a un articulo crerale diferentes descuentos según el tipo de cliente04122023no contesta llamar al movil05122023mlaura incidenciaimg,gestión
103,165591,me ha quedado bloqueado el ordenador adjunto foto,me ha quedado bloqueado el ordenador adjunto foto,se desbloquea al usuario desde el servidor cloud,consulta del cliente,horario de 800 a 1600 me ha quedado bloqueado el ordenador adjunto fotosoluciónse desbloquea al usuario desde el servidor cloud,sistemas
104,165583,necesito por favor que nos llamen urgente no podemos trabajar desde ningún puesto nos habéis hecho a medio día una actualización y ahora no podemos acceder al erp desde ningún ordenadorgraciascristina,no nos funciona el programa el ningún ordenador,hacer comprobación de estructuras en garperfleshreinstalar la versión anterior de envasedllvolver a copiar procesos externoshacer un recálculo de stocks,bug nivel 2 desarrollo,necesito por favor que nos llamen urgente no podemos trabajar desde ningún puesto nos habéis hecho a medio día una actualización y ahora no podemos acceder al erp desde ningún ordenadorgraciascristinaproblemadespués de actualización de procesos externos no arranca la base de datosimg,sistemas
105,165568,problema con reservaha metido unas lineas en una reserva y no le cuadramensaje que le aparece para ver las ventas del dia comentarlo,problema reserva,para quitar entrada de valores se ha de quitar el filtro de cabecera del documento de facturas de venta,consulta del cliente,tienda logroñoproblema con reservaha metido unas lineas en una reserva y no le cuadramensaje que le aparece para ver las ventas del dia comentarlosoluciónpara quitar entrada de valores se ha de quitar el filtro de cabecera del documento de facturas de venta,gestión
106,165545,necesitan ayuda para emitir una factura electrónica,factura electrónica,vinculo en el programa el certificado en a3erp y desvinculo el anteriorprocedemos a subir a face la factura,consulta del cliente,horario 830 1330 y 1530 1830 necesitan ayuda para emitir una factura electrónica04122023mlaurale instalo en a3erp el certificado y le desinstalo el que teníansubimos la factura a face,gestión
107,165537,buenos días me podían indicar como puedo sacar un listado de los clientes que gastaron más de una cantidad al añosaludos patricia,listado de clientes que superan cierta cantidad de facturacion,desde cartera listado efectos de clientes sacar el listado en excel y ya hay modificarlo como quierantambién tendrían algún cubo disponible pero patricia no tiene permisos para poder andar con ellos,consulta del cliente,buenos días me podían indicar como puedo sacar un listado de los clientes que gastaron más de una cantidad al añosaludos patricia04122023mlaura incidenciaquiere un listado de clientes cuya facturación haya superado una cantidad durante este año 2023le enseño desde cartera listado efectos de clientes sacar el listado en excel y ya hay modificarlo como quierantambién tendrían algún cubo disponible pero patricia no tiene permisos para poder andar con ellos,gestión
